{
    "id": 32,
    "description": "Dato un file json, ritorna una lista di tuple (A, B)",
    "text": "\n    Si implementi la funzione es32(fname1) prende in input l'indirizzo di un file json e restituisce una lista di interi.\n    Il file json contiene una lista di stringhe e ogni stringa e' composta da cifre decimali.\n    La lista restituita ha lo stesso numero di elementi della lista originaria ma ciascuna stringa \n    risulta sostituita dalla tupla di due interi A,B. Al primo posto della tupla c'e' l'intero A che si ottimene\n    sommando le cifre dispari della stringa, al secondo posto l'intero B che si\n    ottiene sommando le cifre pari della lista.\n    Ad esempio:\n    la lista restituita da es32(fname1) con fname1 contenente la lista ['11','24','134','1','2876']\n    sara' [(2,0), (0,6), (4,4), (1,0), (7,16)]",
    "algorithm": "Apri il file json e salva il contenuto in una variabile\ninizializza una lista vuota\nper ogni stringa del json:\n\tinizializza il counter per pari e dispari a 0\n\tper ogni carattere della stringa:\n\t\tse è dispari:\n\t\t\tincrementa il counter dispari del valore del carattere\n\t\taltrimenti:\n\t\t\tincrementa il counter pari del valore del carattere\n\taggiungi la coppia(dispari, pari) alla lista\nritorna la lista",
    "tags": ["Json", "File", "Stringhe"],
    "effort": 4,
    "clues": [],
    "from": "recupero-15-2-18"
}