{
    "id": 69,
    "description": "Dati un path di una directory, un intero che rappresenta la profondità e una lista di estensioni, cerca i file nella directory e nelle sue sotto directory, ricorsivamente, se il file ha una delle estensioni della lista ed è alla profondità indicata, elimina il file. Torna il numero totale di file presenti nelle directory con profondità uguale o minore alla profondità data.",
    "text": "Si definisca la funzione  ricorsiva (o che usa una vostra funzione ricorsiva) es69(dir, profondita, estensioni),\n    che deve eliminare tutti i file che appartengono ad una delle estensioni indicate,\n    solo se si trovano alla profondita' indicata, e che riceve come argomenti:\n        dir: la directory in cui cercare (i file in questa directory si trovano a profondita 0)\n        profondita: la profondita' in cui dobbiamo cancellare i file, contando da 0 per la directory radice passata come argomento\n        estensioni: una lista di stringhe \"estensioni\" (le ultime lettere del nome dei files che cerchiamo)\n    La funzione deve tornare il numero totale di files presenti nelle directories di profondita' minore o uguali a 'profondita',\n    che NON sono stati cancellati\n\n    NOTA: per eliminare un file usate la funzione os.remove\n\n    Tests: date alcune directories contenenti file con estensioni diverse a diverse profondita', si chiama la funzione e si controlla che i file contenuti nelle directories esistano/non esistano a seconda del caso (senza usare una soluzione ricorsiva ma testando direttamente i path dei files relativi alla dir iniziale)\n    Test: che la funzione sia ricorsiva\n",
    "algorithm": "inizializza una variabile count a 0\nper ogni file della directory:\n\tcrea il path del file\n\tse la profondità è maggiore di 0:\n\t\tse il file è una directory:\n\t\t\tchiama la funzione es69(..) sulla directory con la profondità diminuita di 1, il valore ritornato va sommato a count\n\t\taltrimenti incrementa count\n\taltrimenti:\n\t\tse la cartella non è una directory:\n\t\t\tse il file termina con una delle estensioni:\n\t\t\t\trimuovi il file\n\t\t\taltrimenti:\n\t\t\t\tincrementa count\nritorna count",
    "tags": ["Ricerca File", "Ricorsione"],
    "effort": 3,
    "clues": [],
    "from": "esame-15-2-18"
}