{
    "id": 41,
    "description": "Dato in input un file di testo contenente una lista di interi, restituisce il numero che compare con più frequenza nella sequenza derivata da S",
    "text": "\n    Data una sequenza S di  interi definiamo sequenza derivata da S la  sequenza di n interi dove l'i-esimo \n    elemento e' dato dalla somma dei primi i interi di S.\n    Ad esempio:\n    la sequenza derivata da \n    S= 2, -3, -4,  4, 4, -5, 3, 1,-1  e'\n       2, -1, -5, -1, 3, -2, 1, 2, 1.\n    \n    Implementate la funzione es41(fname1) che prende in input l'indirizzo fname1 di un file di testo contenente una \n    sequenza S di interi e restituisce il numero che compare con maggior frequenza nella sequenza derivata da S.\n    Nel caso in cui i numeri con maggior frequenza siano piu' di uno viene restituito quello di valore massimo.\n    Ad esempio se il file fname contiene la sequenza S= 2, -3, -4,  4, 4, -5, 3, 1, -1   la funzione restituisce il valore 2.\n    Nel file fname1, ciascun intero della sequenza  e' separato dal successivo da una virgola ed eventuali spazi.\n    ",
    "algorithm": "Salvo in una lista gli interi del file\ncalcolo la sequenza derivata\ninizializzo un dizionario per le frequenze degli interi nella sequenza derivata\nper ogni intero nella sequenza derivata:\n\taggiorno il suo valore nel dizionario\ncreo una lista di coppie (chiave, valore) del dizionario\nritorno il secondo elemento della coppia massima",
    "tags": ["File", "Stringhe", "Dizionari"],
    "effort": 4,
    "clues": [],
    "from": "recuper-16-3-18"
}
