{
    "id": 40,
    "description": "Dati in input un file json contenente una matrice e un intero k, ricerca all'interno della matrice un quadrato di lato k, ritorna le coordinate del quadrato o (-1,-1) altrimenti",
    "text": "\n    Data una matrice di interi M, diciamo che la sua coordinata  (x,y)  individua un quadrato di lato k\n    se nelle 4 posizioni M[y][x], M[y][x+k], M[y+k][x+k] e M[y+k][x] troviamo  nell'ordine una sequenza\n    crescente di 4 interi.\n    Ad esempio nella matrice\n      2  3  3  6  1\n      2  8  5  1  9 \n      5  4 40  4  5\n      9 10  1  7  6\n     12 11  9  8 10\n     la coordinata (1,1) individua un quadrato di lato 3 (la cui sequenza e' 8,9,10,11) mentre \n     la coordinata (3,2) individua un quadrato di lato 1 (la cui sequenza e' 4,5,6,7)\n     la coordinata (0,3) individua un quadrato di lato 1 (la cui sequenza e' 9,10,11,12)\n    \n    si definisca la funzione es40(jsonFile, k), che presi come argomenti:\n    - jsonFile: il path di un file json contenente una matrice rappresentata come  lista di liste di interi\n    - un intero k\n    ricerca all'interno della matrice nel file json l'eventuale presenza di un quadrato di lato k.\n    La funzione deve restituire  la tupla che rappresenta la coordinata (x,y) che individua il quadrato di lato k.\n    Nel caso la matrice  contenga piu' quadrati di lato k, bisogna  restituire la coordinata che individua quello piu' \n    in basso a destra (vale a dire quello per cui risulta massima la riga ed a parita' la colonna).\n    Nel caso la matrice non contenga quadrati di lato k bisogna restituire la tupla (-1,-1).\n    Per la matrice dell'esempio e k = 2 la funzione restituisce (-1,-1).\n    Per la matrice dell'esempio e k = 1 la funzione restituisce (0, 3).\n    ",
    "algorithm": "Prendi la matrice dal file json\nsalva l'altezza e la lunghezza della matrice\ninizializza una posizione a (-1, -1)\nper ogni casella(a distanza minimo k dal bordo della matrice):\n\tsalvo i possibili vertici del quadrato, con i valori diminuiti di 1, 2, 3 rispettivamente\n\tse il valore dei vertici è uguale:\n\t\tsalvo la posizione della cella\nritorno la posizione",
    "tags": ["Json", "Matrici"],
    "effort": 5,
    "clues": [],
    "from": "recuper-16-3-18"
}
