{
    "id": 36,
    "description": "Presa in input una lista di dizionari, restituisce un dizionario con chiavi, le chiavi comuni a tutti i dizionari, e valori, i valori comuni a tutte le chiavi",
    "text": "\n    Si implementi la funzione es2a(listaDizionari) che presi in input una lista di dizionari\n    restituisce  un dizionario.\n    I dizionari in input della listaDizionari  hanno come  chiave stringhe\n    di caratteri tra 'a' e 'z' e come attributo liste di interi.\n    Il dizionario restituito deve avere le  chiavi che risultano presenti in tutti i dizionari della  listaDizionari.\n    A ciascuna chiave x di questo dizionario e' associata una lista di interi.\n    Un intero e' presente nella lista se e solo se e' presente in tutte le liste di attributi della chiave x.\n    La lista deve risultare ordinata in modo crescente.\n\n    Ad esempio se la listaDizionari contenente i tre dizionari\n    {'a': [1,3,5],'b':[2,3 ],'d':[3]},\n    {'a':[5,1,2,3], 'b':[2],'d':[3]},\n    {'a':[3,5], 'c':[4,1,2],'d':[4]}\n    il dizionario restituito sara' {'a':[3,5],'d':[]}\n    ",
    "algorithm": "Prendo l'insieme di tutte le chiavi del primo dizionario della lista\nper tutti gli altri dizionari:\n\tfaccio l'intersezione con l'insieme delle chiavi\ninizializzo un dizionario con chiavi, le chiavi rimaste nell'insieme, e valori, i valori del primo dizionario\nper tutti gli altri dizionari:\n\tper ogni coppia chiave - valore:\n\t\tse la chiave è nel dizionario creato:\n\t\t\taggiorno il dizionario creato con l'intersezione dei due valori\nritorno il dizionario con i valori ordinati",
    "tags": ["Dizionari", "Ordinamento"],
    "effort": 3,
    "clues": [],
    "from": "recuper-16-3-18"
}