{
    "id": 29,
    "description": "Date due tabelle aventi la stessa struttura e il nome di una colonna, rispetto alla quale le tabelle sono ordinate, si inserisce nella tabella 1 righe della tabella 2, ritorna il numero di righe inserite",
    "text": "\n    Si implementi la funzione es29(tabella1, tabella2, col) che prese in input\n    - due tabelle: tabella1 e tabella2,  rappresentate tramite lista di dizionari ed aventi le stesse colonne\n    - una stringa con il nome di una delle colonne delle due tabelle rispetto alla quale le due tabelle sono ordinate in modo crescente.\n    modifica distruttivamente la tabella 1.\n    Le righe della tabella 1 differiscono tutte nella colonna col  e lo stesso vale per le righe della tabella 2.\n    Bisogna inserire nella tabella 1 righe della tabella 2. \n    Una riga della tabella 2 deve essere  inserita nella tabella 1 solo se nella sua colonna  col contiene un valore\n    non presente tra quelli che compaiono nella corrispondente colonna della tabella1. \n    Al termine la tabella 1 deve ancora risultare ordinata rispetto ai valori della colonna col.  \n    La funzione deve restituire il numero delle righe inserite nella tabella1.  \n    Ad esempio con: \n    tabella1=[{'C1': 1, 'C2': 'x'},{'C1': 3, 'C2': 'a'},{'C1': 4, 'C2': 'a' },{'C1': 5, 'C2': 'a' },{'C1': 7, 'C2': 'b' }],\n    tabella2=[{'C1': 2, 'C2': 'a'},{'C1': 3, 'C2': 'b'},{'C1': 5, 'C2': 'a' },{'C1': 6, 'C2': 'b' },{'C1': 7, 'C2': 'a' }] \n    al termine di es29(tabella1, tabella2, 'C1') verra' restituito il numero 2 e la tabella1 risultera'\n    [{'C1': 1, 'C2': 'x'},{'C1': 2, 'C2': 'a'},{'C1': 3, 'C2': 'a' ,},{'C1': 4, 'C2': 'a' },{'C1': 5, 'C2': 'a' },\\\n    {'C1': 6, 'C2': 'b' },{'C1': 7, 'C2': 'b' }]\n    ",
    "algorithm": "Pendi il numero di righe nella tabella1\nprendoi i valori di col nella tabella1\nper ogni riga della tabella2:\n\tse il valore di col non è nei valori presi in precedenza\n\t\taggiungi la riga a tabella1\nordina la tabella1 rispetto a col\nritorna la differenza del numero di righe originale con il numero di righe attuale",
    "tags": ["Liste", "Dizionari", "Ordinamento"],
    "effort": 4,
    "clues": [],
    "from": "recupero-15-2-18"
}