{
    "id": 61,
    "description": "Dati in input un file di testo, contenente una matrice di interi, una operazione e un parametro sel, che specifica su cosa applicare l'operazione, restituisce una lista di interi.",
    "text": "\n    La funzione es8(ftesto, op, sel) che, legge una matrice di interi contenuta\n    nel file di testo ftesto e restituisce una lista di interi.\n    La matrice e' memorizzata nel file per righe con  gli interi nelle righe separati da un numero\n    arbitrario di spazi.\n    La lista da tornare contiene i risultati di una operazione da effetture sulle righe, le colonne\n    o le diagonali della matrice. Il parametro 'op' specifica il tipo di operazione, e\n    puo' assumere tre diversi valori:\n        'max' (per il calcolo del massimo),\n        'min' (per il calcolo del minimo)\n        e 'sum' (per il calcolo della somma).\n    Il parametro 'sel' specifica su quali elementi della matrice  l'operazione deve operare.\n    puo' assumere i seguenti valori:\n        'row' (per applicarla alle varie righe della  matrice, in ordine crescente),\n        'col' (per applicarla alle varie colonne della  matrice, in ordine crescente),\n        'dp' (per applicarla  alla diagonale principale)\n        e 'ds' per applicarla alla diagonale  secondaria.\n    Ad esempio se la matrice contenuta nel file di testo e':\n    2  0   -4\n    5  10  20\n    5  1   -1\n\n    a seconda dei parametri si avra':\n\n    es8(ftesto, 'max','row')= [2, 20, 5]\n    es8(ftesto, 'min','row')= [-4, 5,-1]\n    es8(ftesto, 'sum','row')= [-2, 35, 5]\n    es8(ftesto, 'max','col')= [ 5,  10, 20]\n    es8(ftesto, 'min','col')= [ 2,  0, -4]\n    es8(ftesto, 'sum','col')= [ 12, 11, 15]\n    es8(ftesto, 'max','dp' )= [10]\n    es8(ftesto, 'min','dp' )= [-1]\n    es8(ftesto, 'sum','dp' )= [11]\n    es8(ftesto, 'max','ds' )= [10]\n    es8(ftesto, 'min','ds' )= [-4]\n    es8(ftesto, 'sum','ds' )= [11]\n    ",
    "algorithm": "Apri il file e salva la matrice\nsalva la lunghezza della matrice\ninizializza 3 liste per le 3 operazioni min, max, e sum\nse sel è 'row':\n\tper ogni riga della matrice\n\t\tinizializza M e m al primo elemento della riga e s a 0\n\t\tper ogni elemento della riga\n\t\t\taggiorna M col massimo e m col minimo\n\t\t\taggiungi l'elemento a s\n\t\taggiungi alle liste max, min e sum i rispettivi valori\nripeti le stesse operazioni nel caso sel sia 'col', 'dp' e 'ds'\nritorna la lista sum, max o min richiesta, in base a op",
    "tags": ["Matrici", "File"],
    "effort": 8,
    "clues": [],
    "from": "recupero-23-1-18"
}