{
    "id": 52,
    "description": "Date due matrici sparse di dimensioni uguali, ritorna una terza matrice sparsa, somma delle due matrici in input.",
    "text": "\n\n# Una matrice si dice sparsa se ha pochi valori diversi da zero. Per risparmiare spazio \n# di memoria, anzicche' utilizzare liste di liste  possiamo rappresentare matrici \n# sparse tramite dizionari. Il dizionario di una matrice sparsa M ha come chiavi delle tuple  \n# e come attributo degli interi. Le tuple sono coppie e la coppia (i,j) e' presente nel dizionario \n# se e solo se M[i][j] e' diverso  da zero. L'attributo della chiave (i,j) sara' poi proprio M[i][j].\n# ad ESEMPIO il dizionario \n# d={(0,2): 4,(1,0): 1, (1,1): 2, (2,1):8 } rappresenta la matrice quadrata  M=\n# | 0 0 4 |\n# | 1 2 0 |\n# | 0 8 0 |\n\ndef es9(d1,d2):\n    '''\n\tSi definisca la  funzione es52(d1,d2) che,\n\t- riceve due dizionari di matrici sparse della stessa dimenzione.\n    - restituisce un dizionario con la matrice sparsa somma delle due matrici avute in input.\n    Ad ESEMPIO se\n    d1={(0,2): 4,(1,0): 1, (1,1): 2, (2,1):8 } e d2={(0,0): 5,(1,1): 2, (2,2): 5, (1,0):2 }\n    allora la funzione restituira' il dizionario\n    {(0,2): 4,(1,0): 3, (1,1): 4, (2,1):8, (0,0):5, (2,2):5 }\n    I dizionari ricevuti non devono essere modificati\n    '''\n    # inserisci qui il tuo codice\n",
    "algorithm": "inizializza un nuovo dizionario uguale a d1\nper ogni chiave di d2:\n\tse la chiave non è nel nuovo dizionario:\n\t\tinserisci nel nuovo dizionario chiave-valore di d2\n\taltrimenti:\n\tsomma il valore al valore della chiave già presente\nritorna il nuovo dizionario",
    "tags": ["Matrici", "Dizionari"],
    "effort": 6,
    "clues": [],
    "from": "recupero-19-9-18"
}